{
	"info": {
		"_postman_id": "5266f19b-6924-41e5-8530-b2485a02c8a5",
		"name": "EMS",
		"schema": "https://schema.getpostman.com/json/collection/v2.1.0/collection.json",
		"_exporter_id": "2422707"
	},
	"item": [
		{
			"name": "Get All Emps",
			"request": {
				"method": "GET",
				"header": [],
				"url": {
					"raw": "http://localhost:8080/api/employees",
					"protocol": "http",
					"host": [
						"localhost"
					],
					"port": "8080",
					"path": [
						"api",
						"employees"
					]
				}
			},
			"response": []
		},
		{
			"name": "Add New Emp",
			"request": {
				"method": "POST",
				"header": [],
				"body": {
					"mode": "raw",
					"raw": "{\r\n    \"name\": \"\",\r\n    \"department\": \"Finance\",\r\n    \"location\": \"Delhi\"\r\n}",
					"options": {
						"raw": {
							"language": "json"
						}
					}
				},
				"url": {
					"raw": "http://localhost:8080/api/employees",
					"protocol": "http",
					"host": [
						"localhost"
					],
					"port": "8080",
					"path": [
						"api",
						"employees"
					]
				}
			},
			"response": []
		},
		{
			"name": "Delete Emp Details",
			"request": {
				"method": "DELETE",
				"header": [],
				"url": {
					"raw": "http://localhost:8080/api/employees/2",
					"protocol": "http",
					"host": [
						"localhost"
					],
					"port": "8080",
					"path": [
						"api",
						"employees",
						"2"
					]
				}
			},
			"response": []
		},
		{
			"name": "Get Emp By ID",
			"request": {
				"method": "GET",
				"header": [],
				"url": {
					"raw": "http://localhost:8080/api/employees/6",
					"protocol": "http",
					"host": [
						"localhost"
					],
					"port": "8080",
					"path": [
						"api",
						"employees",
						"6"
					]
				}
			},
			"response": []
		},
		{
			"name": "Update Emp Details",
			"request": {
				"method": "PUT",
				"header": [],
				"body": {
					"mode": "raw",
					"raw": "{\r\n        \"name\": \"Usha Mathur\",\r\n        \"department\": \"Production\",\r\n        \"id\": 1,\r\n        \"location\": \"Nagpur\"\r\n    }",
					"options": {
						"raw": {
							"language": "json"
						}
					}
				},
				"url": {
					"raw": "http://localhost:8080/api/employees",
					"protocol": "http",
					"host": [
						"localhost"
					],
					"port": "8080",
					"path": [
						"api",
						"employees"
					]
				}
			},
			"response": []
		},
		{
			"name": "Save More Emp Details Validations",
			"request": {
				"method": "POST",
				"header": [],
				"body": {
					"mode": "raw",
					"raw": "{\r\n  \"name\" :\"Anuja\",\r\n   \"lastName\" : \"Kher\",\r\n   \"email\" : \"anu@gmail.com\",\r\n    \"password\" :\"xyz#1234\",\r\n    \"department\" : \"Billing\",\r\n    \"location\" : \"Pune\",\r\n    \"salary\" : 25000,\r\n    \"joinDate\" : \"2022-11-10\"\r\n\r\n}",
					"options": {
						"raw": {
							"language": "json"
						}
					}
				},
				"url": {
					"raw": "http://localhost:8080/api/employees",
					"protocol": "http",
					"host": [
						"localhost"
					],
					"port": "8080",
					"path": [
						"api",
						"employees"
					]
				}
			},
			"response": []
		},
		{
			"name": "Restore image",
			"request": {
				"method": "GET",
				"header": [],
				"url": {
					"raw": "http://localhost:8080/api/employees/image/17",
					"protocol": "http",
					"host": [
						"localhost"
					],
					"port": "8080",
					"path": [
						"api",
						"employees",
						"image",
						"17"
					]
				}
			},
			"response": []
		},
		{
			"name": "Save Image",
			"request": {
				"method": "POST",
				"header": [],
				"body": {
					"mode": "formdata",
					"formdata": [
						{
							"key": "imageFile",
							"type": "file",
							"src": "/D:/images/flowers.jpg"
						}
					]
				},
				"url": {
					"raw": "http://localhost:8080/api/employees/17",
					"protocol": "http",
					"host": [
						"localhost"
					],
					"port": "8080",
					"path": [
						"api",
						"employees",
						"17"
					]
				}
			},
			"response": []
		},
		{
			"name": "Restore Image",
			"protocolProfileBehavior": {
				"disableBodyPruning": true
			},
			"request": {
				"method": "GET",
				"header": [],
				"body": {
					"mode": "formdata",
					"formdata": [
						{
							"key": "imageFile",
							"type": "file",
							"src": "/D:/images/flowers.jpg"
						}
					]
				},
				"url": {
					"raw": "http://localhost:8080/api/employees/18/image",
					"protocol": "http",
					"host": [
						"localhost"
					],
					"port": "8080",
					"path": [
						"api",
						"employees",
						"18",
						"image"
					]
				}
			},
			"response": []
		}
	]
}